defending_team,home_away,xCS,CS,attacking_team
Leicester,a,0.09813175343711715,0,Manchester_United
Manchester_United,h,0.022579355204266054,0,Leicester
Newcastle_United,h,0.03550564131444818,0,Tottenham
Tottenham,a,0.3394445876654795,0,Newcastle_United
Brighton,a,0.19504892445118752,0,Watford
Watford,h,0.607262343336214,1,Brighton
Chelsea,a,0.6460232642459707,1,Huddersfield
Huddersfield,h,0.03469899246333444,0,Chelsea
Crystal_Palace,a,0.5149343140582535,1,Fulham
Fulham,h,0.29121970570763656,0,Crystal_Palace
Bournemouth,h,0.021525976833528703,1,Cardiff
Cardiff,a,0.021703284430506932,0,Bournemouth
Everton,a,0.36572354682111263,0,Wolverhampton_Wanderers
Wolverhampton_Wanderers,h,0.3840970750152062,0,Everton
Burnley,a,0.33250959273748726,1,Southampton
Southampton,h,0.18962209439911965,1,Burnley
Liverpool,h,0.6516841317628492,1,West_Ham
West_Ham,a,0.0011169845887251109,0,Liverpool
Arsenal,h,0.0643541480240792,0,Manchester_City
Manchester_City,a,0.6298541163342226,1,Arsenal
Cardiff,h,0.10047877134651083,1,Newcastle_United
Newcastle_United,a,0.2555273303175631,1,Cardiff
Bournemouth,a,0.167888048349465,0,West_Ham
West_Ham,h,0.1241647468430563,0,Bournemouth
Fulham,a,0.013527858107975806,0,Tottenham
Tottenham,h,0.16308505562879222,0,Fulham
Leicester,h,0.25626096370742607,1,Wolverhampton_Wanderers
Wolverhampton_Wanderers,a,0.7958848705547662,0,Leicester
Everton,h,0.07791233423562526,0,Southampton
Southampton,a,0.06653417015229747,0,Everton
Arsenal,a,0.15300366721975528,0,Chelsea
Chelsea,h,0.045170353303914855,0,Arsenal
Huddersfield,a,0.002572238769606955,0,Manchester_City
Manchester_City,h,0.39195890302759256,0,Huddersfield
Burnley,h,0.03310138181266773,0,Watford
Watford,a,0.6643152501720304,0,Burnley
Brighton,h,0.08718796123312271,0,Manchester_United
Manchester_United,a,0.07068435617872865,0,Brighton
Crystal_Palace,h,0.016310823844625323,0,Liverpool
Liverpool,a,0.6825346260816053,1,Crystal_Palace
Manchester_City,a,0.17418557235354445,0,Wolverhampton_Wanderers
Wolverhampton_Wanderers,h,0.10157588536331445,0,Manchester_City
Leicester,a,0.5687246496048627,0,Southampton
Southampton,h,0.5621836309839904,0,Leicester
Cardiff,a,0.8068654721760808,1,Huddersfield
Huddersfield,h,0.2927121591574763,1,Cardiff
Burnley,a,0.10827451645880373,0,Fulham
Fulham,h,0.10594806075198847,0,Burnley
Bournemouth,h,0.5691231102682724,0,Everton
Everton,a,0.02476744419644348,0,Bournemouth
Arsenal,h,0.26145209326890595,0,West_Ham
West_Ham,a,0.11202252627223581,0,Arsenal
Brighton,a,0.1288143883830297,0,Liverpool
Liverpool,h,0.5454790165627919,1,Brighton
Crystal_Palace,a,0.22989228436605583,0,Watford
Watford,h,0.23277341388376724,0,Crystal_Palace
Chelsea,a,0.8063592120865967,0,Newcastle_United
Newcastle_United,h,0.11153502275285178,0,Chelsea
Manchester_United,h,0.08790444672091313,0,Tottenham
Tottenham,a,0.22436988842932218,1,Manchester_United
Leicester,h,0.20880987589108954,0,Liverpool
Liverpool,a,0.3008764644374981,0,Leicester
West_Ham,h,0.2403323600665163,0,Wolverhampton_Wanderers
Wolverhampton_Wanderers,a,0.3706491078157796,1,West_Ham
Everton,h,0.4609328661194384,0,Huddersfield
Huddersfield,a,0.5176712446399756,0,Everton
Crystal_Palace,h,0.011667701002710062,0,Southampton
Southampton,a,0.05218661867104723,1,Crystal_Palace
Bournemouth,a,0.30049196099230735,0,Chelsea
Chelsea,h,0.29836662687321497,1,Bournemouth
Brighton,h,0.16326415004870715,0,Fulham
Fulham,a,0.015086445287941062,0,Brighton
Manchester_City,h,0.4841881858744195,0,Newcastle_United
Newcastle_United,a,0.052630054481862164,0,Manchester_City
Arsenal,a,0.4476157493748981,0,Cardiff
Cardiff,h,0.2045329854207764,0,Arsenal
Burnley,h,0.01943012936151417,0,Manchester_United
Manchester_United,a,0.23693194882393076,1,Burnley
Tottenham,a,0.6221345195979866,0,Watford
Watford,h,0.5184062441330127,0,Tottenham
Liverpool,a,0.4287297299951242,0,Tottenham
Tottenham,h,0.003568141772860005,0,Liverpool
Arsenal,a,0.6290801699480694,0,Newcastle_United
Newcastle_United,h,0.38111847543282845,0,Arsenal
Fulham,a,2.4251083341569904e-4,0,Manchester_City
Manchester_City,h,0.701668358030081,1,Fulham
Crystal_Palace,a,0.3855652142258063,1,Huddersfield
Huddersfield,h,0.44865623489310746,0,Crystal_Palace
Cardiff,a,0.02692623220841088,0,Chelsea
Chelsea,h,0.32566000998932354,0,Cardiff
Bournemouth,h,0.07312461531765911,0,Leicester
Leicester,a,0.04037987262998012,0,Bournemouth
Manchester_United,a,0.2617043537128445,0,Watford
Watford,h,0.07786859357677718,0,Manchester_United
Burnley,a,0.016188411335935998,0,Wolverhampton_Wanderers
Wolverhampton_Wanderers,h,0.8081277409790457,1,Burnley
Everton,h,0.13388852218834096,0,West_Ham
West_Ham,a,0.24207358114820923,0,Everton
Brighton,a,0.020631304033973154,0,Southampton
Southampton,h,0.058185072982685326,0,Brighton
Fulham,h,0.11629542976878222,0,Watford
Watford,a,0.1003903626653914,0,Fulham
Manchester_United,h,0.2615271262422566,0,Wolverhampton_Wanderers
Wolverhampton_Wanderers,a,0.5257133282677638,0,Manchester_United
Liverpool,h,0.726288839354803,1,Southampton
Southampton,a,0.010409824875200228,0,Liverpool
Huddersfield,a,0.10729196093866357,0,Leicester
Leicester,h,0.45424611600011333,0,Huddersfield
Crystal_Palace,h,0.7896583028577194,1,Newcastle_United
Newcastle_United,a,0.3744334308106591,1,Crystal_Palace
Cardiff,h,0.02310837027080697,0,Manchester_City
Manchester_City,a,0.903401511279195,1,Cardiff
Bournemouth,a,0.018408524220407754,0,Burnley
Burnley,h,0.35148885999107893,1,Bournemouth
Brighton,h,0.05258172015516786,0,Tottenham
Tottenham,a,0.36730769078641595,0,Brighton
Chelsea,a,0.27060487495438773,1,West_Ham
West_Ham,h,0.10854166201447381,1,Chelsea
Arsenal,h,0.2830236797226647,1,Everton
Everton,a,0.32412735631264394,0,Arsenal
Manchester_United,a,0.16692381153803504,0,West_Ham
West_Ham,h,0.35611879089813714,0,Manchester_United
Southampton,a,0.1926121722197253,0,Wolverhampton_Wanderers
Wolverhampton_Wanderers,h,0.49403041803901643,1,Southampton
Leicester,a,0.6510618488302378,1,Newcastle_United
Newcastle_United,h,0.12973752739555944,0,Leicester
Brighton,a,0.019788787463613466,0,Manchester_City
Manchester_City,h,0.7878052044007883,1,Brighton
Huddersfield,h,0.03111928002485752,0,Tottenham
Tottenham,a,0.7053253848833706,1,Huddersfield
Everton,h,0.5433853607675888,1,Fulham
Fulham,a,0.03457829651612015,0,Everton
Arsenal,h,0.03255798145688006,1,Watford
Watford,a,0.14000681310104363,0,Arsenal
Chelsea,h,0.11596090154725115,0,Liverpool
Liverpool,a,0.12601894149887136,0,Chelsea
Burnley,a,0.16146117118476772,0,Cardiff
Cardiff,h,0.8924560080655479,0,Burnley
Bournemouth,h,0.6732253590306039,0,Crystal_Palace
Crystal_Palace,a,0.05047118270752387,0,Bournemouth
Brighton,h,0.18962114189122228,1,West_Ham
West_Ham,a,0.2538483658336142,0,Brighton
Bournemouth,a,0.3114019869177495,1,Watford
Watford,h,0.0016280657816807077,0,Bournemouth
Cardiff,a,0.030593746323572823,0,Tottenham
Tottenham,h,0.23313336363628703,1,Cardiff
Everton,a,0.2760737367523011,0,Leicester
Leicester,h,0.25376627052690653,0,Everton
Crystal_Palace,h,0.41724618845141964,0,Wolverhampton_Wanderers
Wolverhampton_Wanderers,a,0.22779003613191243,1,Crystal_Palace
Burnley,h,0.3157530493649865,0,Huddersfield
Huddersfield,a,0.6837387322535761,0,Burnley
Manchester_United,h,0.1555238120215588,0,Newcastle_United
Newcastle_United,a,0.05326485022980421,0,Manchester_United
Arsenal,a,0.22825707256662742,0,Fulham
Fulham,h,0.26757578485271544,0,Arsenal
Chelsea,a,0.1459516123053506,1,Southampton
Southampton,h,0.006811552018306587,0,Chelsea
Liverpool,h,0.17217562758149726,1,Manchester_City
Manchester_City,a,0.6364004729400594,1,Liverpool
Chelsea,h,0.2421327076307492,0,Manchester_United
Manchester_United,a,0.035566802968193,0,Chelsea
Watford,a,0.6121954575849496,1,Wolverhampton_Wanderers
Wolverhampton_Wanderers,h,0.2981116747435089,0,Watford
Tottenham,a,0.5725941037000544,1,West_Ham
West_Ham,h,0.27753894989193123,0,Tottenham
Brighton,a,0.14853512940137537,1,Newcastle_United
Newcastle_United,h,0.4744491209140121,0,Brighton
Burnley,a,0.002949424101105762,0,Manchester_City
Manchester_City,h,0.6762853538876326,1,Burnley
Cardiff,h,0.3307757217775493,0,Fulham
Fulham,a,0.1373571467848552,0,Cardiff
Bournemouth,h,0.49533837589680324,1,Southampton
Southampton,a,0.3599363161299765,1,Bournemouth
Huddersfield,h,0.5003598213668814,0,Liverpool
Liverpool,a,0.5160744702364264,1,Huddersfield
Crystal_Palace,a,0.10245568040724287,0,Everton
Everton,h,0.08661121600479164,1,Crystal_Palace
Arsenal,h,0.3402005351738236,0,Leicester
Leicester,a,0.011222135281943567,0,Arsenal
Cardiff,a,0.037057738571361035,0,Liverpool
Liverpool,h,0.3732792591465862,0,Cardiff
Bournemouth,a,0.6750992333528395,1,Fulham
Fulham,h,0.04325124528939657,0,Bournemouth
Brighton,h,0.21597274721047008,1,Wolverhampton_Wanderers
Wolverhampton_Wanderers,a,0.26437473462069944,0,Brighton
Huddersfield,a,0.049941648781562265,0,Watford
Watford,h,0.6117459307483465,1,Huddersfield
Newcastle_United,a,0.27870371718676235,1,Southampton
Southampton,h,0.7319058293989323,1,Newcastle_United
Leicester,h,0.025956494247568115,0,West_Ham
West_Ham,a,0.09532131483971974,0,Leicester
Arsenal,a,0.020945370064636936,0,Crystal_Palace
Crystal_Palace,h,0.3487292237889192,0,Arsenal
Burnley,h,0.026787270489896427,0,Chelsea
Chelsea,a,0.7573011928542137,1,Burnley
Everton,a,0.01568625382870398,0,Manchester_United
Manchester_United,h,0.08298552484611185,0,Everton
Manchester_City,a,0.5845110741252444,1,Tottenham
Tottenham,h,0.08493267023883762,0,Manchester_City
Bournemouth,h,0.006117761801832523,0,Manchester_United
Manchester_United,a,0.09925190025074591,0,Bournemouth
Burnley,a,0.04664419137502901,0,West_Ham
West_Ham,h,0.3412549482690093,0,Burnley
Newcastle_United,h,0.04398667535546379,1,Watford
Watford,a,0.4577920461606797,0,Newcastle_United
Brighton,a,0.02947740844653021,0,Everton
Everton,h,0.3937160016886153,0,Brighton
Cardiff,h,0.029930018172294414,0,Leicester
Leicester,a,0.350822347226316,1,Cardiff
Arsenal,h,0.2559057262660417,0,Liverpool
Liverpool,a,0.1341782204902729,0,Arsenal
Tottenham,a,0.021579229706483242,0,Wolverhampton_Wanderers
Wolverhampton_Wanderers,h,0.06508939613885549,0,Tottenham
Manchester_City,h,0.07042393447184196,0,Southampton
Southampton,a,0.02693849890434969,0,Manchester_City
Chelsea,h,0.6226892913435916,0,Crystal_Palace
Crystal_Palace,a,0.0982487327028698,0,Chelsea
Fulham,a,0.5857927564546002,0,Huddersfield
Huddersfield,h,0.6952424282539511,1,Fulham
Brighton,a,0.041470435714044546,0,Cardiff
Cardiff,h,0.4029507350270308,0,Brighton
Southampton,h,0.3049918318054063,0,Watford
Watford,a,0.2362652979909694,0,Southampton
Bournemouth,a,0.026857409025760053,0,Newcastle_United
Newcastle_United,h,0.06642017073224632,0,Bournemouth
Burnley,a,0.18683546153159677,1,Leicester
Leicester,h,0.6828361907500148,1,Burnley
Huddersfield,h,0.11804424539825878,0,West_Ham
West_Ham,a,0.2685670421965678,0,Huddersfield
Crystal_Palace,h,0.12587865147298374,0,Tottenham
Tottenham,a,0.4542364580375152,1,Crystal_Palace
Fulham,a,0.07284307893105715,0,Liverpool
Liverpool,h,0.5261194650549443,1,Fulham
Chelsea,h,0.8163811000078479,1,Everton
Everton,a,0.2444740588824517,1,Chelsea
Manchester_City,h,0.19265726860923973,0,Manchester_United
Manchester_United,a,0.06686219640088811,0,Manchester_City
Arsenal,h,0.08747811414123995,0,Wolverhampton_Wanderers
Wolverhampton_Wanderers,a,0.2894077008182129,0,Arsenal
Manchester_City,a,0.3839107552946075,1,West_Ham
West_Ham,h,0.0016792474366954103,0,Manchester_City
Liverpool,a,0.454706332196384,1,Watford
Watford,h,0.10315271607064484,0,Liverpool
Crystal_Palace,a,0.20226570946072717,1,Manchester_United
Manchester_United,h,0.2935907632815329,1,Crystal_Palace
Fulham,h,0.12686192778014985,0,Southampton
Southampton,a,0.1877775616464865,0,Fulham
Cardiff,a,0.03830690497560118,0,Everton
Everton,h,0.28315875843970495,1,Cardiff
Brighton,h,0.16404728353782264,0,Leicester
Leicester,a,0.4028848428912875,0,Brighton
Chelsea,a,0.014548081618208872,0,Tottenham
Tottenham,h,0.3437031737066637,0,Chelsea
Arsenal,a,0.5060142384061316,0,Bournemouth
Bournemouth,h,0.10647215616073795,0,Arsenal
Huddersfield,a,0.47681800876419966,1,Wolverhampton_Wanderers
Wolverhampton_Wanderers,h,0.5213592497845196,0,Huddersfield
Burnley,h,0.0740436285461382,0,Newcastle_United
Newcastle_United,a,0.12997173272756962,0,Burnley
Cardiff,h,0.31839431449599476,0,Wolverhampton_Wanderers
Wolverhampton_Wanderers,a,0.24893601783119831,0,Cardiff
Newcastle_United,h,0.031419840641462624,0,West_Ham
West_Ham,a,0.26618864969850015,1,Newcastle_United
Bournemouth,a,0.022187641555557625,0,Manchester_City
Manchester_City,h,0.3600955834918588,0,Bournemouth
Leicester,h,0.24061139074646692,1,Watford
Watford,a,0.11383300754232557,0,Leicester
Brighton,a,0.5553201728358902,0,Huddersfield
Huddersfield,h,0.10230523932174264,0,Brighton
Burnley,a,0.10727878792296923,0,Crystal_Palace
Crystal_Palace,h,0.719936085234667,1,Burnley
Manchester_United,a,0.5262243861961272,0,Southampton
Southampton,h,0.3690768498297445,0,Manchester_United
Chelsea,h,0.7447557960461467,1,Fulham
Fulham,a,0.07089138203803495,0,Chelsea
Arsenal,h,0.1702680791851507,0,Tottenham
Tottenham,a,0.021746269740717045,0,Arsenal
Everton,a,0.005392867577794722,0,Liverpool
Liverpool,h,0.16643151790361124,1,Everton
Brighton,h,0.10751180930828838,0,Crystal_Palace
Crystal_Palace,a,0.14282403627989776,0,Brighton
Bournemouth,h,0.1822044716139304,0,Huddersfield
Huddersfield,a,0.2845906124909608,0,Bournemouth
Cardiff,a,0.16854217361234697,0,West_Ham
West_Ham,h,0.020426674896478286,0,Cardiff
Manchester_City,a,0.03274130288168745,0,Watford
Watford,h,0.04684978746062841,0,Manchester_City
Chelsea,a,0.4189209770161888,0,Wolverhampton_Wanderers
Wolverhampton_Wanderers,h,0.3031920469853043,0,Chelsea
Fulham,h,0.22859405026999155,0,Leicester
Leicester,a,0.20657523898265828,0,Fulham
Burnley,h,0.004554873223868029,0,Liverpool
Liverpool,a,0.09734569874484406,0,Burnley
Everton,h,0.13718154096845764,0,Newcastle_United
Newcastle_United,a,0.06448529741314848,0,Everton
Arsenal,a,0.15791382115510658,0,Manchester_United
Manchester_United,h,0.0898028802361295,0,Arsenal
Southampton,a,0.09711374833305533,0,Tottenham
Tottenham,h,0.11093471138451681,0,Southampton
Bournemouth,h,0.01967517665516084,0,Liverpool
Liverpool,a,0.7508581174506352,1,Bournemouth
Crystal_Palace,a,0.1499777639067396,0,West_Ham
West_Ham,h,0.29959515774866713,0,Crystal_Palace
Fulham,a,0.017013779701307772,0,Manchester_United
Manchester_United,h,0.14499094699686604,0,Fulham
Cardiff,h,0.5926049418685535,1,Southampton
Southampton,a,0.16443090196891236,0,Cardiff
Brighton,a,0.08680759368022546,0,Burnley
Burnley,h,0.34720806639540686,1,Brighton
Arsenal,h,0.7240138158329285,1,Huddersfield
Huddersfield,a,0.07421965291646687,0,Arsenal
Chelsea,h,0.46132326298753557,1,Manchester_City
Manchester_City,a,0.5776904603664186,0,Chelsea
Leicester,h,0.23913527557036826,0,Tottenham
Tottenham,a,0.6921582755356198,1,Leicester
Newcastle_United,h,0.12900137001796091,0,Wolverhampton_Wanderers
Wolverhampton_Wanderers,a,0.6232298207998003,0,Newcastle_United
Everton,h,0.14111389742949218,0,Watford
Watford,a,0.07636321569624921,0,Everton
Everton,a,0.1000491914160335,0,Manchester_City
Manchester_City,h,0.125187497472096,0,Everton
Bournemouth,a,0.05064480288376723,0,Wolverhampton_Wanderers
Wolverhampton_Wanderers,h,0.5801744203924658,1,Bournemouth
Cardiff,a,0.1536670513414589,0,Watford
Watford,h,0.5966129646660783,0,Cardiff
Burnley,a,0.12868759740957206,0,Tottenham
Tottenham,h,0.6041502935443525,1,Burnley
Huddersfield,h,0.3270189261318008,0,Newcastle_United
Newcastle_United,a,0.498518156221215,1,Huddersfield
Crystal_Palace,h,0.36123663473765283,1,Leicester
Leicester,a,0.6615070346555296,0,Crystal_Palace
Fulham,h,0.4025707221180518,0,West_Ham
West_Ham,a,0.3141676389466765,1,Fulham
Arsenal,a,0.2073975360092112,0,Southampton
Southampton,h,0.08386849922855884,0,Arsenal
Brighton,h,0.09488090859266526,0,Chelsea
Chelsea,a,0.763955835956414,0,Brighton
Liverpool,h,0.4116726793920153,0,Manchester_United
Manchester_United,a,0.043898312353417186,0,Liverpool
Liverpool,a,0.43518126855305495,1,Wolverhampton_Wanderers
Wolverhampton_Wanderers,h,0.07356915794353022,0,Liverpool
Arsenal,h,0.26323994151140956,0,Burnley
Burnley,a,0.14791570917858904,0,Arsenal
Watford,a,0.0827460143409487,1,West_Ham
West_Ham,h,0.035553601978195334,0,Watford
Fulham,a,0.7433403307441718,1,Newcastle_United
Newcastle_United,h,0.77320282166900145,1,Fulham
Crystal_Palace,a,0.24732673783614237,0,Manchester_City
Manchester_City,h,0.1540976833807218,0,Crystal_Palace
Huddersfield,h,0.02452449680724936,0,Southampton
Southampton,a,0.30172838186791323,0,Huddersfield
Chelsea,h,0.6187338572346348,0,Leicester
Leicester,a,0.047513030850697364,1,Chelsea
Bournemouth,h,0.38172791554756375,1,Brighton
Brighton,a,0.3937090876965033,0,Bournemouth
Cardiff,h,0.021435668411454726,0,Manchester_United
Manchester_United,a,0.1404769083732857,0,Cardiff
Everton,h,0.041022944459675144,0,Tottenham
Tottenham,a,0.28475626472711396,0,Everton
Fulham,h,0.08777815381034597,0,Wolverhampton_Wanderers
Wolverhampton_Wanderers,a,0.21448343616810753,0,Fulham
Bournemouth,a,0.009733133610213208,0,Tottenham
Tottenham,h,0.25373429810822706,1,Bournemouth
Huddersfield,a,0.07588561392208452,0,Manchester_United
Manchester_United,h,0.1526826140112205,0,Huddersfield
Liverpool,h,0.6118079940536765,1,Newcastle_United
Newcastle_United,a,0.007941953689660913,0,Liverpool
Leicester,h,0.16598813382018415,0,Manchester_City
Manchester_City,a,0.15426519281272402,0,Leicester
Cardiff,a,0.0662235584987827,1,Crystal_Palace
Crystal_Palace,h,0.2812071937930754,1,Cardiff
Burnley,h,0.06825461926755921,0,Everton
Everton,a,0.02460292563963136,0,Burnley
Arsenal,a,0.07788762649513815,0,Brighton
Brighton,h,0.3952967093154764,0,Arsenal
Chelsea,a,0.2333210807961781,0,Watford
Watford,h,0.030279580950365054,0,Chelsea
Southampton,h,0.22645067062451638,0,West_Ham
West_Ham,a,0.03001813096524947,0,Southampton
Newcastle_United,a,0.3107825690332561,0,Watford
Watford,h,0.4090421740958237,0,Newcastle_United
Tottenham,h,0.2198918076741924,0,Wolverhampton_Wanderers
Wolverhampton_Wanderers,a,0.7537481579071887,0,Tottenham
Cardiff,a,0.10488941954458551,1,Leicester
Leicester,h,0.600561379367904,0,Cardiff
Fulham,h,0.7542401616908851,1,Huddersfield
Huddersfield,a,0.08453790571267304,0,Fulham
Brighton,h,0.5063593051307664,1,Everton
Everton,a,0.12119273862133446,0,Brighton
Arsenal,a,0.003094467802083163,0,Liverpool
Liverpool,h,0.15715339478492793,0,Arsenal
Chelsea,a,0.8148418505811178,1,Crystal_Palace
Crystal_Palace,h,0.4417446808159797,0,Chelsea
Manchester_City,a,0.7939619339918755,0,Southampton
Southampton,h,0.025010771744370597,0,Manchester_City
Burnley,h,0.4785830596714991,1,West_Ham
West_Ham,a,0.020259183770546214,0,Burnley
Bournemouth,a,0.005662328060127901,0,Manchester_United
Manchester_United,h,0.4191792882685586,0,Bournemouth
Everton,h,0.48352064555005847,0,Leicester
Leicester,a,0.40295507157658866,1,Everton
Arsenal,h,0.10818846264017509,0,Fulham
Fulham,a,0.002016952274786548,0,Arsenal
Cardiff,h,0.20253615163928615,0,Tottenham
Tottenham,a,0.06934575415582113,1,Cardiff
Crystal_Palace,a,0.46251438416240237,1,Wolverhampton_Wanderers
Wolverhampton_Wanderers,h,0.058298022355104534,0,Crystal_Palace
Brighton,a,0.5145585629422889,0,West_Ham
West_Ham,h,0.4718102194669506,0,Brighton
Burnley,a,0.5050452176860435,0,Huddersfield
Huddersfield,h,0.03146548241237467,0,Burnley
Chelsea,h,0.8510257213375382,1,Southampton
Southampton,a,0.41224486567171564,1,Chelsea
Bournemouth,h,0.2871333989119458,0,Watford
Watford,a,0.02478250508417669,0,Bournemouth
Manchester_United,a,0.48585031729653544,1,Newcastle_United
Newcastle_United,h,0.024228063444297634,0,Manchester_United
Liverpool,a,0.31838803533191457,0,Manchester_City
Manchester_City,h,0.158471878114515,0,Liverpool
Arsenal,a,0.494005764453596,0,West_Ham
West_Ham,h,0.47320636543861594,1,Arsenal
Leicester,h,0.11496441494554197,0,Southampton
Southampton,a,0.1082811158170985,0,Leicester
Crystal_Palace,h,0.14645747369904336,0,Watford
Watford,a,0.2788540189983093,0,Crystal_Palace
Cardiff,h,0.6685521150259258,1,Huddersfield
Huddersfield,a,0.879333489512419,1,Cardiff
Burnley,h,0.34138222370574856,0,Fulham
Fulham,a,0.3580183611203861,0,Burnley
Brighton,h,0.036273652132003044,0,Liverpool
Liverpool,a,0.6702608347369627,1,Brighton
Chelsea,h,0.6641838322887407,0,Newcastle_United
Newcastle_United,a,0.22032769320169335,0,Chelsea
Bournemouth,a,0.11411170739969916,0,Everton
Everton,h,0.1643002769830186,1,Bournemouth
Manchester_United,a,0.12132369039931618,1,Tottenham
Tottenham,h,0.36316844857489383,0,Manchester_United
Manchester_City,h,0.9039097485004787,1,Wolverhampton_Wanderers
Wolverhampton_Wanderers,a,0.009970179978339565,0,Manchester_City
Leicester,a,0.06128140809938894,0,Wolverhampton_Wanderers
Wolverhampton_Wanderers,h,0.23532236817436922,0,Leicester
Burnley,a,0.2853900365411565,1,Watford
Watford,h,0.07860784651331129,1,Burnley
Everton,a,0.3152861898726237,0,Southampton
Southampton,h,0.17373147053085003,0,Everton
Cardiff,a,0.02278829645071812,0,Newcastle_United
Newcastle_United,h,0.7706982417304012,1,Cardiff
Brighton,a,0.024604949230798402,0,Manchester_United
Manchester_United,h,0.49461772511933205,0,Brighton
Crystal_Palace,a,0.0038354825219834485,0,Liverpool
Liverpool,h,0.48223572410590226,0,Crystal_Palace
Bournemouth,h,0.22876663268623343,1,West_Ham
West_Ham,a,0.21939005887794716,0,Bournemouth
Arsenal,h,0.44385599722446367,1,Chelsea
Chelsea,a,0.07634933792254261,0,Arsenal
Huddersfield,h,0.07620952031761503,0,Manchester_City
Manchester_City,a,0.34319694288761216,1,Huddersfield
Fulham,h,0.07670369682348728,0,Tottenham
Tottenham,a,0.3565276065190722,0,Fulham
West_Ham,a,0.09012019163886141,0,Wolverhampton_Wanderers
Wolverhampton_Wanderers,h,0.8759688348544524,1,West_Ham
Everton,a,0.4524590029960287,1,Huddersfield
Huddersfield,h,0.22151465054178274,0,Everton
Brighton,a,0.007086555370282484,0,Fulham
Fulham,h,0.027956931130991534,0,Brighton
Arsenal,h,0.5408239104806378,0,Cardiff
Cardiff,a,0.022588593744951847,0,Arsenal
Burnley,a,0.011033853335169005,0,Manchester_United
Manchester_United,h,0.3032385339041039,0,Burnley
Manchester_City,a,0.18823512621591873,0,Newcastle_United
Newcastle_United,h,0.21474215704419264,0,Manchester_City
Bournemouth,h,0.4422687602956874,1,Chelsea
Chelsea,a,0.0659324373391624,0,Bournemouth
Crystal_Palace,a,0.2006649380197866,0,Southampton
Southampton,h,0.14567903035320745,0,Crystal_Palace
Tottenham,h,0.608926297254789,0,Watford
Watford,a,0.14304192757997478,0,Tottenham
Leicester,a,0.5506188279206776,0,Liverpool
Liverpool,h,0.23910322083943836,0,Leicester
Newcastle_United,a,0.016763302070913,0,Tottenham
Tottenham,h,0.6527351081083644,1,Newcastle_United
Everton,h,0.06268659059356681,0,Wolverhampton_Wanderers
Wolverhampton_Wanderers,a,0.1851709575430855,0,Everton
Crystal_Palace,h,0.5223659100731114,1,Fulham
Fulham,a,0.03522244152357467,0,Crystal_Palace
Chelsea,h,0.7626800979766825,1,Huddersfield
Huddersfield,a,0.0185360936859913,0,Chelsea
Burnley,h,0.42047329824984225,0,Southampton
Southampton,a,0.058424519811968806,0,Burnley
Brighton,h,0.7480848411944049,1,Watford
Watford,a,0.13344294138912804,1,Brighton
Bournemouth,a,0.023642252231387228,0,Cardiff
Cardiff,h,0.6970619511168646,1,Bournemouth
Leicester,h,0.14835794184106013,0,Manchester_United
Manchester_United,a,0.1882535860975366,1,Leicester
Arsenal,a,0.002362979555089582,0,Manchester_City
Manchester_City,h,0.35834247110043616,0,Arsenal
Liverpool,a,0.43503145247225117,0,West_Ham
West_Ham,h,0.26009737298541485,0,Liverpool
Everton,h,0.02476096611608058,0,Manchester_City
Manchester_City,a,0.892483216436064,1,Everton
Fulham,h,0.0497015120013133,0,Manchester_United
Manchester_United,a,0.04391126851377384,1,Fulham
Crystal_Palace,h,0.06767694539959655,0,West_Ham
West_Ham,a,0.0380889496240421,0,Crystal_Palace
Everton,a,0.09285589937716514,0,Watford
Watford,h,0.5093219755309216,1,Everton
Cardiff,a,0.07115478575729928,0,Southampton
Southampton,h,0.18535312550124883,0,Cardiff
Bournemouth,a,0.05076848475716549,0,Liverpool
Liverpool,h,0.6693338579198373,1,Bournemouth
Arsenal,a,0.05697122306796807,0,Huddersfield
Huddersfield,h,0.14047494699711574,0,Arsenal
Brighton,h,0.06547591511913402,0,Burnley
Burnley,a,0.2191107780435124,0,Brighton
Leicester,a,0.2487763615139976,0,Tottenham
Tottenham,h,0.014010810981584382,0,Leicester
Chelsea,a,0.003103394114744016,0,Manchester_City
Manchester_City,h,0.37347392564706844,1,Chelsea
Newcastle_United,a,0.04061112172826585,0,Wolverhampton_Wanderers
Wolverhampton_Wanderers,h,0.6351796767659356,0,Newcastle_United
Fulham,a,0.003459441124758929,0,West_Ham
West_Ham,h,0.19098338269402224,0,Fulham
Cardiff,h,0.014400524234747063,0,Watford
Watford,a,0.027569803599562282,0,Cardiff
Burnley,h,0.407987617712874,0,Tottenham
Tottenham,a,0.2224977615882701,0,Burnley
Huddersfield,a,0.030667520221313672,0,Newcastle_United
Newcastle_United,h,0.8687848497788151,1,Huddersfield
Bournemouth,h,0.15116159314800975,0,Wolverhampton_Wanderers
Wolverhampton_Wanderers,a,0.028929257839279746,0,Bournemouth
Crystal_Palace,a,0.37571573511304573,0,Leicester
Leicester,h,0.09137644206595034,0,Crystal_Palace
Liverpool,a,0.5982245470535832,1,Manchester_United
Manchester_United,h,0.6709139474071413,1,Liverpool
Arsenal,h,0.5085928269868698,1,Southampton
Southampton,a,0.03960777296598974,0,Arsenal
Brighton,a,0.11133198200247625,0,Leicester
Leicester,h,0.22616061835147097,0,Brighton
Huddersfield,h,0.5303085180194421,1,Wolverhampton_Wanderers
Wolverhampton_Wanderers,a,0.1274387098170465,0,Huddersfield
Cardiff,h,0.27358301667312857,0,Everton
Everton,a,0.798307388778398,1,Cardiff
Burnley,a,0.11686892644789303,0,Newcastle_United
Newcastle_United,h,0.07507294717949431,1,Burnley
Arsenal,h,0.371680669912481,0,Bournemouth
Bournemouth,a,0.01613379746795216,0,Arsenal
Fulham,a,0.2623831149432357,0,Southampton
Southampton,h,0.4176091440856954,1,Fulham
Crystal_Palace,h,0.16111639871390687,0,Manchester_United
Manchester_United,a,0.10666369916638985,0,Crystal_Palace
Chelsea,h,0.3868987564595212,1,Tottenham
Tottenham,a,0.5100247387430855,0,Chelsea
Manchester_City,h,0.6115910213876168,1,West_Ham
West_Ham,a,0.002961373813441497,0,Manchester_City
Liverpool,h,0.4676762851619199,1,Watford
Watford,a,0.03431104536169539,0,Liverpool
Arsenal,a,0.06465392801064096,0,Tottenham
Tottenham,h,0.002361091352616116,0,Arsenal
Cardiff,a,0.010803127569871968,0,Wolverhampton_Wanderers
Wolverhampton_Wanderers,h,0.4490794674912603,1,Cardiff
Manchester_United,h,0.5362696023194876,0,Southampton
Southampton,a,0.02572884956721828,0,Manchester_United
Burnley,h,0.4746323121845823,0,Crystal_Palace
Crystal_Palace,a,0.0936676770777407,0,Burnley
Brighton,h,0.8139445777832884,1,Huddersfield
Huddersfield,a,0.17135032611472675,0,Brighton
Bournemouth,h,0.1689677963058614,0,Manchester_City
Manchester_City,a,1,1,Bournemouth
Newcastle_United,a,0.06703295492483721,0,West_Ham
West_Ham,h,0.27818322827035535,1,Newcastle_United
Leicester,a,0.15835977875864773,0,Watford
Watford,h,0.42235392659204585,0,Leicester
Chelsea,a,0.3693275900659611,0,Fulham
Fulham,h,0.197570339007354,0,Chelsea
Everton,h,0.3863678022662004,1,Liverpool
Liverpool,a,0.7816109490458311,1,Everton
Brighton,a,0.11791839474363423,0,Crystal_Palace
Crystal_Palace,h,0.8761550735848831,0,Brighton
Southampton,h,0.22415027074169766,0,Tottenham
Tottenham,a,0.06232488456028898,0,Southampton
Everton,a,0.0333783226232889,0,Newcastle_United
Newcastle_United,h,0.2132028364365679,0,Everton
Fulham,a,0.06369847459303436,0,Leicester
Leicester,h,0.8576309928136899,0,Fulham
Bournemouth,a,0.7054351096650174,1,Huddersfield
Huddersfield,h,0.015764756182408746,0,Bournemouth
Cardiff,h,0.7389993455386101,1,West_Ham
West_Ham,a,4.6524609720683416e-4,0,Cardiff
Manchester_City,h,0.6139264376274611,0,Watford
Watford,a,8.702691999461036e-4,0,Manchester_City
Burnley,a,1.2850468634491608e-4,0,Liverpool
Liverpool,h,0.5404279618552308,0,Burnley
Chelsea,h,0.40593728845516974,0,Wolverhampton_Wanderers
Wolverhampton_Wanderers,a,0.33721196755439403,0,Chelsea
Arsenal,h,0.03500654774810138,1,Manchester_United
Manchester_United,a,0.10736619461827845,0,Arsenal
Huddersfield,a,0.07162434281797792,0,West_Ham
West_Ham,h,0.0945614802981165,0,Huddersfield
Burnley,h,0.5285629845079792,0,Leicester
Leicester,a,0.2533601137635877,0,Burnley
Bournemouth,h,0.24305961835222498,0,Newcastle_United
Newcastle_United,a,0.08881481460736777,0,Bournemouth
Fulham,h,0.02177771593037924,0,Liverpool
Liverpool,a,0.24097465826383252,0,Fulham
Chelsea,a,0.016459172824932814,0,Everton
Everton,h,0.252195112836363,1,Chelsea
Fulham,h,0.06501229143751747,0,Manchester_City
Manchester_City,a,0.41802700839200424,1,Fulham
Manchester_United,h,0.19615712961916112,0,Watford
Watford,a,0.008954752161977587,0,Manchester_United
Bournemouth,a,0.11509701759717776,0,Leicester
Leicester,h,0.35279293609420204,1,Bournemouth
Crystal_Palace,h,0.37256042470260375,1,Huddersfield
Huddersfield,a,0.020882158108305023,0,Crystal_Palace
Burnley,h,0.6631427496166159,1,Wolverhampton_Wanderers
Wolverhampton_Wanderers,a,0.5159541940297762,0,Burnley
Brighton,h,0.37845445037587994,0,Southampton
Southampton,a,0.55995353961257,1,Brighton
Everton,a,0.9124354169363621,1,West_Ham
West_Ham,h,0.027909834957837682,0,Everton
Cardiff,h,0.07328987682341041,0,Chelsea
Chelsea,a,0.6294621748838667,0,Cardiff
Liverpool,h,0.2494252831017447,0,Tottenham
Tottenham,a,0.29925509975522335,0,Liverpool
Arsenal,h,0.9564414787439133,1,Newcastle_United
Newcastle_United,a,0.2975006122647259,0,Arsenal
Manchester_United,a,0.11957405145006211,0,Wolverhampton_Wanderers
Wolverhampton_Wanderers,h,0.07650023975659556,0,Manchester_United
Fulham,a,0.15274094931677376,0,Watford
Watford,h,0.09925331468255748,0,Fulham
Brighton,a,0.014725460085274939,0,Chelsea
Chelsea,h,0.6058140354405045,1,Brighton
Crystal_Palace,a,0.05089065279585548,0,Tottenham
Tottenham,h,0.5143741268111678,1,Crystal_Palace
Cardiff,a,0.009588965349444815,0,Manchester_City
Manchester_City,h,0.8702364114336335,1,Cardiff
Liverpool,a,0.40987522785211816,0,Southampton
Southampton,h,0.07873297692855216,0,Liverpool
Crystal_Palace,a,0.37527557303399584,1,Newcastle_United
Newcastle_United,h,0.20501753760814964,0,Crystal_Palace
Huddersfield,h,0.0060365490504674,0,Leicester
Leicester,a,0.07436149669134928,0,Huddersfield
Bournemouth,h,0.16642567810564976,0,Burnley
Burnley,a,0.2236486882517715,0,Bournemouth
Arsenal,a,0.031059545528698756,0,Everton
Everton,h,0.8144803140595867,1,Arsenal
Chelsea,h,0.6123448274095147,1,West_Ham
West_Ham,a,0.07411840119704433,0,Chelsea
Leicester,h,0.34204217479192406,0,Newcastle_United
Newcastle_United,a,0.376452598607954,1,Leicester
Huddersfield,a,0.01075703513398015,0,Tottenham
Tottenham,h,0.3161477932710442,1,Huddersfield
Southampton,h,0.5146639198671028,0,Wolverhampton_Wanderers
Wolverhampton_Wanderers,a,0.003171732601735142,0,Southampton
Everton,a,0.13242582525288293,0,Fulham
Fulham,h,0.17379154221741067,1,Everton
Burnley,h,0.3583749029987983,1,Cardiff
Cardiff,a,0.004849874577869099,0,Burnley
Bournemouth,a,0.8104675709725566,1,Brighton
Brighton,h,0.025854377271171756,0,Bournemouth
Manchester_United,h,0.17294079614574087,0,West_Ham
West_Ham,a,0.014357464800150009,0,Manchester_United
Crystal_Palace,h,0.025560385952685716,0,Manchester_City
Manchester_City,a,0.7154740982900912,0,Crystal_Palace
Chelsea,a,0.19519932397592987,0,Liverpool
Liverpool,h,0.36820091704509544,1,Chelsea
Arsenal,a,0.2084365065774029,1,Watford
Watford,h,0.048849210716277416,0,Arsenal
Brighton,h,0.38802321913326077,0,Cardiff
Cardiff,a,0.5455516724079333,1,Brighton
Manchester_City,h,0.23013107850464123,1,Tottenham
Tottenham,a,0.06450163884560514,0,Manchester_City
Brighton,a,0.03495402753566613,1,Wolverhampton_Wanderers
Wolverhampton_Wanderers,h,0.8895790805979598,1,Brighton
Leicester,a,0.18889611389799452,0,West_Ham
West_Ham,h,0.4132767610239556,0,Leicester
Huddersfield,h,0.28471016193431026,0,Watford
Watford,a,0.2550432337841191,0,Huddersfield
Bournemouth,h,0.023479457336634067,0,Fulham
Fulham,a,0.018734568512772495,1,Bournemouth
Newcastle_United,h,0.24370738154951296,0,Southampton
Southampton,a,0.24018127380722934,0,Newcastle_United
Everton,h,0.728645058800931,1,Manchester_United
Manchester_United,a,0.1561360259890315,0,Everton
Cardiff,h,0.03467293060557091,0,Liverpool
Liverpool,a,0.19926999831001022,1,Cardiff
Arsenal,h,0.034262019303542966,0,Crystal_Palace
Crystal_Palace,a,0.14888862375357884,0,Arsenal
Burnley,a,0.25361618372039624,0,Chelsea
Chelsea,h,0.2956974804262406,0,Burnley
Southampton,a,0.21542864247457216,0,Watford
Watford,h,0.059439799790873674,0,Southampton
Brighton,a,0.3528597883096202,0,Tottenham
Tottenham,h,0.8642961871865663,1,Brighton
Arsenal,a,0.3454845361376681,0,Wolverhampton_Wanderers
Wolverhampton_Wanderers,h,0.32155072441246196,0,Arsenal
Manchester_City,a,0.5857204496329975,1,Manchester_United
Manchester_United,h,0.5745723874539204,0,Manchester_City
Huddersfield,a,0.007628586335672019,0,Liverpool
Liverpool,h,0.8468423182895027,1,Huddersfield
Tottenham,h,0.34934057000064306,0,West_Ham
West_Ham,a,0.21898870593695036,1,Tottenham
Watford,h,0.010294688097253963,0,Wolverhampton_Wanderers
Wolverhampton_Wanderers,a,0.3373532882233316,0,Watford
Bournemouth,a,0.023894820163567927,0,Southampton
Southampton,h,0.002757402187025746,0,Bournemouth
Cardiff,a,0.580454997032737,0,Fulham
Fulham,h,0.28108989311807053,1,Cardiff
Crystal_Palace,h,0.30188671108538495,1,Everton
Everton,a,0.7656171608340747,1,Crystal_Palace
Brighton,h,0.6329186471688114,0,Newcastle_United
Newcastle_United,a,0.21063916503780186,0,Brighton
Arsenal,a,0.007335769779229183,0,Leicester
Leicester,h,0.5103950199609194,1,Arsenal
Burnley,h,0.06175254586785742,0,Manchester_City
Manchester_City,a,0.9120229405544344,1,Burnley
Chelsea,a,0.2590129841107505,0,Manchester_United
Manchester_United,h,0.13594040775334734,0,Chelsea
Burnley,a,0.09153835584574478,0,Everton
Everton,h,0.5866834758268628,1,Burnley
Bournemouth,h,0.4572321071250535,1,Tottenham
Tottenham,a,0.07211232110298961,0,Bournemouth
Fulham,a,0.07258927987458799,0,Wolverhampton_Wanderers
Wolverhampton_Wanderers,h,0.5421848503146862,1,Fulham
Southampton,a,0.026226166478934075,0,West_Ham
West_Ham,h,0.6328545462668572,1,Southampton
Cardiff,h,0.12452345959358474,0,Crystal_Palace
Crystal_Palace,a,0.19108520564722872,0,Cardiff
Liverpool,a,0.16015124621881843,0,Newcastle_United
Newcastle_United,h,0.17985025112799238,0,Liverpool
Huddersfield,h,0.1273591645477347,0,Manchester_United
Manchester_United,a,0.436874590861273,0,Huddersfield
Chelsea,h,0.24910965730574,1,Watford
Watford,a,0.02612345368643151,0,Chelsea
Arsenal,h,0.048699994230779683,0,Brighton
Brighton,a,0.03682179618752723,0,Arsenal
Leicester,a,0.2857357273895886,0,Manchester_City
Manchester_City,h,0.550599129027874,1,Leicester
Watford,h,0.008713868399905716,0,West_Ham
West_Ham,a,0.04876720398765423,0,Watford
Everton,a,0.34488337050705425,0,Tottenham
Tottenham,h,0.010671107648171646,0,Everton
Huddersfield,a,0.3188571393966695,0,Southampton
Southampton,h,0.35481841792055724,0,Huddersfield
Cardiff,a,0.12511742282490848,1,Manchester_United
Manchester_United,h,0.0647497622224748,0,Cardiff
Liverpool,h,0.3753637738568708,1,Wolverhampton_Wanderers
Wolverhampton_Wanderers,a,0.12890935475208387,0,Liverpool
Chelsea,a,0.7012642925219088,1,Leicester
Leicester,h,0.20793387147501372,1,Chelsea
Fulham,h,0.056150068754420614,0,Newcastle_United
Newcastle_United,a,0.5567481286893978,1,Fulham
Bournemouth,a,0.018532791908748306,0,Crystal_Palace
Crystal_Palace,h,0.08189825205993556,0,Bournemouth
Arsenal,a,0.08165831539935495,0,Burnley
Burnley,h,0.019590984738762706,0,Arsenal
Brighton,h,0.07352215523196874,0,Manchester_City
Manchester_City,a,0.46552160097969464,0,Brighton
